<?xml version="1.0" encoding="UTF-8"?>
<openbox_config xmlns="http://openbox.org/wiki/Help:Contents#rc.xml">
	<!-- Openbox 3.6 config for LXDE, feel free to make any changes -->
	<focus>
		<focusNew>yes</focusNew>
		<!-- always try to focus new windows when they appear. other rules do
			 apply -->
		<followMouse>no</followMouse>
		<!-- move focus to a window when you move the mouse into it -->
		<focusLast>yes</focusLast>
		<!-- focus the last used window when changing desktops, instead of the one
			 under the mouse pointer. when followMouse is enabled -->
		<underMouse>no</underMouse>
		<!-- move focus under the mouse, even when the mouse is not moving -->
		<focusDelay>200</focusDelay>
		<!-- when followMouse is enabled, the mouse must be inside the window for
			 this many milliseconds (1000 = 1 sec) before moving focus to it -->
		<raiseOnFocus>no</raiseOnFocus>
		<!-- when followMouse is enabled, and a window is given focus by moving the
			 mouse into it, also raise the window -->
	</focus>
	<placement>
		<policy>Smart</policy>
		<!-- 'Smart' or 'UnderMouse' -->
		<center>yes</center>
		<!-- whether to place windows in the center of the free area found or
			 the top left corner -->
		<monitor>Mouse</monitor>
		<!-- with Smart placement on a multi-monitor system, try to place new windows
			 on: 'Any' - any monitor, 'Mouse' - where the mouse is, 'Active' - where
			 the active window is -->
		<primaryMonitor>Mouse</primaryMonitor>
	</placement>
	<theme>
		<name>Onyx</name>
		<titleLayout>NDLIMC</titleLayout>
		<!--
			available characters are NDSLIMC, each can occur at most once.
			N: window icon
			L: window label (AKA title).
			I: iconify
			M: maximize
			C: close
			S: shade (roll up/down)
			D: omnipresent (on all desktops).
	-->
		<keepBorder>yes</keepBorder>
		<animateIconify>no</animateIconify>

		<!-- Fonts -->
		<font place="ActiveWindow">
			<name>sans</name>
			<size>10</size>
			<!-- font size in points -->
			<weight>bold</weight>
			<!-- 'bold' or 'normal' -->
			<slant>normal</slant>
			<!-- 'italic' or 'normal' -->
		</font>
		<font place="InactiveWindow">
			<name>sans</name>
			<size>10</size>
			<!-- font size in points -->
			<weight>bold</weight>
			<!-- 'bold' or 'normal' -->
			<slant>normal</slant>
			<!-- 'italic' or 'normal' -->
		</font>
		<font place="MenuHeader">
			<name>sans</name>
			<size>10</size>
			<!-- font size in points -->
			<weight>normal</weight>
			<!-- 'bold' or 'normal' -->
			<slant>normal</slant>
			<!-- 'italic' or 'normal' -->
		</font>
		<font place="MenuItem">
			<name>sans</name>
			<size>10</size>
			<!-- font size in points -->
			<weight>normal</weight>
			<!-- 'bold' or 'normal' -->
			<slant>normal</slant>
			<!-- 'italic' or 'normal' -->
		</font>
		<font place="OnScreenDisplay">
			<name>sans</name>
			<size>10</size>
			<!-- font size in points -->
			<weight>bold</weight>
			<!-- 'bold' or 'normal' -->
			<slant>normal</slant>
			<!-- 'italic' or 'normal' -->
		</font>
		<font place="ActiveOnScreenDisplay">
			<name>Sans</name>
			<size>8</size>
			<weight/>
			<slant/>
		</font>
		<font place="InactiveOnScreenDisplay">
			<name>Sans</name>
			<size>8</size>
			<weight/>
			<slant/>
		</font>
	</theme>
	<desktops>
		<!-- this stuff is only used at startup, pagers allow you to change them
			 during a session

			 these are default values to use when other ones are not already set
			 by other applications, or saved in your session

			 use obconf if you want to change these without having to log out
			 and back in -->
		<number>2</number>
		<firstdesk>1</firstdesk>
		<names>
			<name>Desktop 1</name>
			<name>Desktop 2</name>
			<name>Desktop 3</name>
			<name>Desktop 4</name>
		</names>
		<popupTime>750</popupTime>
		<!-- The number of milliseconds to show the popup for when switching
			 desktops.  Set this to 0 to disable the popup. -->
	</desktops>
	<resize>
		<drawContents>yes</drawContents>
		<popupShow>Nonpixel</popupShow>
		<!-- 'Always', 'Never', or 'Nonpixel' (xterms and such) -->
		<popupPosition>Center</popupPosition>
		<!-- 'Center', 'Top', or 'Fixed' -->
		<popupFixedPosition>
			<!-- these are used if popupPosition is set to 'Fixed' -->
			<x>10</x>
			<!-- positive number for distance from left edge, negative number for
				 distance from right edge, or 'Center' -->
			<y>10</y>
			<!-- positive number for distance from top edge, negative number for
				 distance from bottom edge, or 'Center' -->
		</popupFixedPosition>
	</resize>
	<!-- You can reserve a portion of your screen where windows will not cover when
		 they are maximized, or when they are initially placed.
		 Many programs reserve space automatically, but you can use this in other
		 cases. -->
	<margins>
		<top>0</top>
		<bottom>0</bottom>
		<left>0</left>
		<right>0</right>
	</margins>
	<dock>
		<position>TopLeft</position>
		<!-- (Top|Bottom)(Left|Right|)|Top|Bottom|Left|Right|Floating -->
		<floatingX>0</floatingX>
		<floatingY>0</floatingY>
		<noStrut>no</noStrut>
		<stacking>Above</stacking>
		<!-- 'Above', 'Normal', or 'Below' -->
		<direction>Vertical</direction>
		<!-- 'Vertical' or 'Horizontal' -->
		<autoHide>no</autoHide>
		<hideDelay>300</hideDelay>
		<!-- in milliseconds (1000 = 1 second) -->
		<showDelay>300</showDelay>
		<!-- in milliseconds (1000 = 1 second) -->
		<moveButton>Middle</moveButton>
		<!-- 'Left', 'Middle', 'Right' -->
	</dock>
	<keyboard>
		<chainQuitKey>C-g</chainQuitKey>
		<!-- Keybindings for desktop switching -->
		<keybind key="C-A-Left">
			<action name="DesktopLeft">
				<dialog>no</dialog>
				<wrap>no</wrap>
			</action>
		</keybind>
		<keybind key="C-A-Right">
			<action name="DesktopRight">
				<dialog>no</dialog>
				<wrap>no</wrap>
			</action>
		</keybind>
		<keybind key="C-A-Up">
			<action name="DesktopUp">
				<dialog>no</dialog>
				<wrap>no</wrap>
			</action>
		</keybind>
		<keybind key="C-A-Down">
			<action name="DesktopDown">
				<dialog>no</dialog>
				<wrap>no</wrap>
			</action>
		</keybind>
		<keybind key="S-A-Left">
			<action name="SendToDesktopLeft">
				<dialog>no</dialog>
				<wrap>no</wrap>
			</action>
		</keybind>
		<keybind key="S-A-Right">
			<action name="SendToDesktopRight">
				<dialog>no</dialog>
				<wrap>no</wrap>
			</action>
		</keybind>
		<keybind key="S-A-Up">
			<action name="SendToDesktopUp">
				<dialog>no</dialog>
				<wrap>no</wrap>
			</action>
		</keybind>
		<keybind key="S-A-Down">
			<action name="SendToDesktopDown">
				<dialog>no</dialog>
				<wrap>no</wrap>
			</action>
		</keybind>
		<keybind key="W-1">
			<action name="Desktop">
				<desktop>1</desktop>
			</action>
		</keybind>
		<keybind key="W-2">
			<action name="Desktop">
				<desktop>2</desktop>
			</action>
		</keybind>
		<keybind key="W-3">
			<action name="Desktop">
				<desktop>3</desktop>
			</action>
		</keybind>
		<keybind key="W-4">
			<action name="Desktop">
				<desktop>4</desktop>
			</action>
		</keybind>
		<keybind key="W-d">
			<action name="ToggleShowDesktop"/>
		</keybind>
		<keybind key="C-A-d">
			<action name="ToggleShowDesktop"/>
		</keybind>
		<!--<keybind key="W-l">
			<action name="Execute">
				<command>xscreensaver-command -lock</command>
			</action>
		</keybind>-->
		<!-- Keybindings for windows -->
		<keybind key="A-F4">
			<action name="Close"/>
		</keybind>
		<keybind key="W-C-q">
			<action name="Close"/>
		</keybind>
		<keybind key="C-q">
			<action name="Close"/>
		</keybind>
		<keybind key="A-Escape">
			<action name="Lower"/>
			<action name="FocusToBottom"/>
			<action name="Unfocus"/>
		</keybind>
		<keybind key="A-space">
			<action name="ShowMenu">
				<menu>client-menu</menu>
			</action>
		</keybind>
		<keybind key="A-F11">
			<action name="ToggleFullscreen"/>
		</keybind>
		<keybind key="W-C-F11">
			<action name="ToggleFullscreen"/>
		</keybind>
		<!-- Window snapping using Super+Arrow keys -->
		<keybind key="W-Left">
			<action name="Unmaximize" />
			<action name="MoveResizeTo">
				<x>0</x>
				<y>0</y>
				<height>100%</height>
				<width>50%</width>
			</action>
		</keybind>
		<keybind key="W-Right">
			<action name="Unmaximize" />
			<action name="MoveResizeTo">
				<x>50%</x>
				<y>0</y>
				<height>100%</height>
				<width>50%</width>
			</action>
		</keybind>
		<keybind key="W-Up">
			<action name="If">
				<query>
					<maximized>no</maximized>
				</query>
				<then>
					<action name="ToggleMaximize" />
				</then>
				<else>
					<action name="MoveResizeTo">
						<x>0</x>
						<y>0</y>
						<height>50%</height>
						<width>100%</width>
					</action>
				</else>
			</action>
		</keybind>
		<keybind key="W-Down">
			<action name="If">
				<query>
					<maximized>yes</maximized>
				</query>
				<then>
					<action name="ToggleMaximize" />
				</then>
				<else>
					<action name="Iconify" />
				</else>
			</action>
		</keybind>
		<!-- Move window to a screen edge -->
		<keybind key="W-A-Left">
			<action name="MoveToEdge">
				<direction>west</direction>
			</action>
		</keybind>
		<keybind key="W-A-Right">
			<action name="MoveToEdge">
				<direction>east</direction>
			</action>
		</keybind>
		<keybind key="W-A-Up">
			<action name="MoveToEdge">
				<direction>north</direction>
			</action>
		</keybind>
		<keybind key="W-A-Down">
			<action name="MoveToEdge">
				<direction>south</direction>
			</action>
		</keybind>
		<!-- Window placement -->
		<keybind key="W-C-n">
			<action name="Unmaximize" />
		</keybind>
		<keybind key="W-C-c">
			<action name="Unmaximize" />
			<action name="MoveResizeTo">
				<x>center</x>
				<y>center</y>
			</action>
		</keybind>
		<keybind key="W-C-0">
			<action name="Unmaximize"/>
			<action name="MoveResizeTo">
				<x>0</x>
				<y>0</y>
			</action>
		</keybind>
		<keybind key="W-C-r">
			<action name="Unmaximize"/>
			<action name="MoveResizeTo">
				<x>0</x>
				<y>0</y>
			</action>
		</keybind>
		<!-- Move window with Ctrl+Super+Arrows -->
		<keybind key="W-C-Left">
			<action name="MoveRelative">
				<x>-20</x>
			</action>
		</keybind>
		<keybind key="W-C-Right">
			<action name="MoveRelative">
				<x>20</x>
			</action>
		</keybind>
		<keybind key="W-C-Up">
			<action name="MoveRelative">
				<y>-20</y>
			</action>
		</keybind>
		<keybind key="W-C-Down">
			<action name="MoveRelative">
				<y>20</y>
			</action>
		</keybind>
		<!-- Window state -->
		<keybind key="W-C-m">
			<action name="ToggleMaximize" />
		</keybind>
		<keybind key="W-S-space">
			<action name="ToggleMaximize" />
		</keybind>
		<keybind key="W-C-v">
			<action name="ToggleMaximize">
				<direction>vertical</direction>
			</action>
		</keybind>
		<keybind key="W-C-h">
			<action name="ToggleMaximize">
				<direction>horizontal</direction>
			</action>
		</keybind>
		<keybind key="W-C-i">
			<action name="Iconify" />
		</keybind>
		<keybind key="W-C-d">
			<action name="ToggleDecorations" />
		</keybind>
		<!-- Resize window with Shift+Super+Arrows -->
		<keybind key="W-S-Left">
			<action name="ResizeRelative">
				<right>-20</right>
			</action>
		</keybind>
		<keybind key="W-S-Right">
			<action name="ResizeRelative">
				<right>20</right>
			</action>
		</keybind>
		<keybind key="W-S-Up">
			<action name="ResizeRelative">
				<bottom>-20</bottom>
			</action>
		</keybind>
		<keybind key="W-S-Down">
			<action name="ResizeRelative">
				<bottom>20</bottom>
			</action>
		</keybind>

		<!-- Keybindings for window switching -->
		<keybind key="A-Tab">
			<action name="NextWindow"/>
		</keybind>
		<keybind key="W-Tab">
			<allDesktops>yes</allDesktops>
			<action name="NextWindow"/>
		</keybind>
		<keybind key="A-S-Tab">
			<action name="PreviousWindow"/>
		</keybind>
		<keybind key="A-W-Tab">
			<allDesktops>yes</allDesktops>
			<action name="PreviousWindow"/>
		</keybind>
		<keybind key="C-A-Tab">
			<action name="NextWindow">
				<panels>yes</panels>
				<desktop>yes</desktop>
			</action>
		</keybind>
		<!-- Keybindings for running applications -->
		<keybind key="W-e">
			<action name="Execute">
				<command>pcmanfm</command>
				<startupnotify>
					<enabled>true</enabled>
					<name>PCManFM</name>
				</startupnotify>
			</action>
		</keybind>
		<!-- Keybindings for finding files -->
		<keybind key="W-s">
			<action name="Execute">
				<command>pcmanfm --find-files</command>
			</action>
		</keybind>
		<!--keybindings for LXPanel -->
		<!--<keybind key="W">
			<action name="Execute">
				<command>lxpanelctl menu</command>
			</action>
		</keybind>
		<keybind key="W-r">
			<action name="Execute">
				<command>lxpanelctl run</command>
			</action>
		</keybind>-->
		<!-- Rofi application launcher -->
		<keybind key="W-r">
			<action name="Execute">
				<command>rofi -show drun</command>
			</action>
		</keybind>
		<keybind key="W-space">
			<action name="Execute">
				<command>rofi -show drun</command>
			</action>
		</keybind>
		<keybind key="A-F2">
			<action name="Execute">
				<command>lxpanelctl run</command>
			</action>
		</keybind>
		<keybind key="C-Escape">
			<action name="Execute">
				<command>lxpanelctl menu</command>
			</action>
		</keybind>
		<keybind key="A-F1">
			<action name="Execute">
				<command>lxpanelctl menu</command>
			</action>
		</keybind>
		<!-- xfce4-screenshooter keybinds -->
		<keybind key="Print">
			<action name="Execute">
				<command>xfce4-screenshooter</command>
			</action>
		</keybind>
		<keybind key="S-W-s">
			<action name="Execute">
				<command>xfce4-screenshooter -r -c</command>
			</action>
		</keybind>
		<keybind key="C-Print">
			<action name="Execute">
				<command>xfce4-screenshooter -w</command>
			</action>
		</keybind>
		<keybind key="S-Print">
			<action name="Execute">
				<command>xfce4-screenshooter -f</command>
			</action>
		</keybind>
		<!-- Launch Task Manager with Ctrl+Alt+Del & Ctrl+Alt+Esc -->
		<keybind key="A-C-Delete">
			<action name="Execute">
				<command>lxtask</command>
			</action>
		</keybind>
		<keybind key="S-C-Escape">
			<action name="Execute">
				<command>lxtask</command>
			</action>
		</keybind>
		<!-- Application launch binds -->
		<keybind key="A-C-t">
			<action name="Execute">
				<command>lxterminal</command>
			</action>
		</keybind>
		<keybind key="W-Return">
			<action name="Execute">
				<command>lxterminal</command>
			</action>
		</keybind>
		<keybind key="W-t">
			<action name="Execute">
				<command>lxterminal</command>
			</action>
		</keybind>
		<keybind key="W-n">
			<action name="Execute">
				<command>leafpad</command>
			</action>
		</keybind>
		<keybind key="W-l">
			<action name="Execute">
				<command>leafpad</command>
			</action>
		</keybind>
		<keybind key="W-o">
			<action name="Execute">
				<command>libreoffice</command>
			</action>
		</keybind>
		<keybind key="W-g">
			<action name="Execute">
				<command>galculator</command>
			</action>
		</keybind>
		<keybind key="W-b">
			<action name="Execute">
				<command>compton -b</command>
			</action>
		</keybind>
		<keybind key="W-S-b">
			<action name="Execute">
				<command>killall compton</command>
			</action>
		</keybind>
		<keybind key="W-f">
			<action name="Execute">
				<command>firefox</command>
			</action>
		</keybind>
		<keybind key="W-c">
			<action name="Execute">
				<command>chromium</command>
			</action>
		</keybind>
		<keybind key="W-a">
			<action name="Execute">
				<command>xarchiver</command>
			</action>
		</keybind>
		<keybind key="W-m">
			<action name="Execute">
				<command>sylpheed</command>
			</action>
		</keybind>
		<keybind key="W-p">
			<action name="Execute">
				<command>vlc</command>
			</action>
		</keybind>
		<keybind key="W-v">
			<action name="Execute">
				<command>pavucontrol</command>
			</action>
		</keybind>
		<keybind key="W-j">
			<action name="Execute">
				<command>pamac-manager</command>
			</action>
		</keybind>
		<keybind key="W-u">
			<action name="Execute">
				<command>pamac-manager --updates</command>
			</action>
		</keybind>
		<keybind key="W-k">
			<action name="Execute">
				<command>nm-connection-editor</command>
			</action>
		</keybind>
		<!-- TODO Use for help PDF doc -->
		<keybind key="W-h">
			<action name="Execute">
				<command>lxterminal -e htop</command>
			</action>
		</keybind>
		<!-- Show arch-logout dialog -->
		<keybind key="W-End">
			<action name="Execute">
				<command>arch-logout</command>
			</action>
		</keybind>
		<keybind key="W-q">
			<action name="Execute">
				<command>arch-logout</command>
			</action>
		</keybind>
		<keybind key="Pause"><!-- W-Pause? -->
			<action name="Execute">
				<command>arch-logout</command>
			</action>
		</keybind>
		<!-- Launch LXRandR when Fn+Screen is pressed -->
		<keybind key="XF86Display">
			<action name="Execute">
				<command>lxrandr</command>
			</action>
		</keybind>
		<!-- TODO Add other laptop keys such as wireless toggle? -->
		<!-- Screen brightness control -->
		<keybind key="XF86MonBrightnessUp">
			<action name="Execute">
				<command>xbacklight -inc 10</command>
			</action>
		</keybind>
		<keybind key="XF86MonBrightnessDown">
			<action name="Execute">
				<command>xbacklight -dec 10</command>
			</action>
		</keybind>
		<!-- Volume & media control -->
		<!-- TODO Play sound when changing volume -->
		<keybind key="XF86AudioRaiseVolume">
			<action name="Execute">
				<command>pamixer -i 4</command>
			</action>
		</keybind>
		<keybind key="XF86AudioLowerVolume">
			<action name="Execute">
				<command>pamixer -d 4</command>
			</action>
		</keybind>
		<keybind key="XF86AudioMute">
			<action name="Execute">
				<command>pamixer -t</command>
			</action>
		</keybind>
		
		<!--<keybind key="XF86AudioStop">
		<keybind key="XF86AudioPlay">
			<action name="Execute">
				<command>sp play</command>
			</action>
		</keybind>
			<action name="Execute">
				<command>sp pause</command>
			</action>
		</keybind>
		<keybind key="XF86AudioPrev">
			<action name="Execute">
				<command>sp next</command>
			</action>
		</keybind>
		<keybind key="XF86AudioNext">
			<action name="Execute">
				<command>sp prev</command>
			</action>
		</keybind>-->
		<!-- Restart ob with Ctrl+Shift+Alt+R -->
		<keybind key="C-S-A-r">
			<action name="Restart" />
		</keybind>
		<!-- Reload ob config with Ctrl+Shift+Alt+C -->
		<keybind key="C-S-A-c">
			<action name="Execute">
				<command>openbox-lxde --reconfigure</command>
			</action>
		</keybind>
		<keybind key="W-C-x">
			<action name="Execute">
				<command>xkill</command>
			</action>
		</keybind>
	</keyboard>
	<mouse>
		<dragThreshold>8</dragThreshold>
		<!-- number of pixels the mouse must move before a drag begins -->
		<doubleClickTime>200</doubleClickTime>
		<!-- in milliseconds (1000 = 1 second) -->
		<screenEdgeWarpTime>400</screenEdgeWarpTime>
		<!-- Time before changing desktops when the pointer touches the edge of the
			 screen while moving a window, in milliseconds (1000 = 1 second).
			 Set this to 0 to disable warping -->

		<!-- Window frame -->
		<context name="Frame">
			<mousebind button="A-Left" action="Press">
				<action name="Focus"/>
				<action name="Raise"/>
			</mousebind>
			<mousebind button="A-Left" action="Click">
				<action name="Unshade"/>
			</mousebind>
			<mousebind button="A-Left" action="Drag">
				<action name="Move"/>
			</mousebind>
			<mousebind button="A-Left" action="DoubleClick">
				<action name="Focus" />
				<action name="Raise" />
				<action name="Unshade"/>
				<action name="ToggleMaximizeFull" />
			</mousebind>
			<mousebind button="A-Right" action="Press">
				<action name="Focus"/>
				<action name="Raise"/>
				<action name="Unshade"/>
			</mousebind>
			<mousebind button="W-Right" action="Press">
				<action name="Focus"/>
				<action name="Raise"/>
				<action name="ShowMenu">
					<menu>client-menu</menu>
				</action>
			</mousebind>
			<mousebind button="A-Right" action="Drag">
				<action name="Resize"/>
			</mousebind>
			<mousebind button="A-Middle" action="Press">
				<action name="Lower"/>
				<action name="FocusToBottom"/>
				<action name="Unfocus"/>
			</mousebind>
			<mousebind button="A-Up" action="Click">
				<action name="DesktopPrevious"/>
			</mousebind>
			<mousebind button="A-Down" action="Click">
				<action name="DesktopNext"/>
			</mousebind>
			<mousebind button="C-A-Up" action="Click">
				<action name="DesktopPrevious"/>
			</mousebind>
			<mousebind button="C-A-Down" action="Click">
				<action name="DesktopNext"/>
			</mousebind>
			<mousebind button="A-S-Up" action="Click">
				<action name="SendToDesktopPrevious"/>
			</mousebind>
			<mousebind button="A-S-Down" action="Click">
				<action name="SendToDesktopNext"/>
			</mousebind>
		</context>

		<!-- Window titlebar -->
		<context name="Titlebar">
			<mousebind button="Left" action="Press">
				<action name="Focus"/>
				<action name="Raise"/>
			</mousebind>
			<mousebind button="Left" action="Drag">
				<action name="Move"/>
			</mousebind>
			<mousebind button="Left" action="DoubleClick">
				<action name="ToggleMaximizeFull"/>
			</mousebind>
			<mousebind button="Middle" action="Press">
				<action name="Lower"/>
				<action name="FocusToBottom"/>
				<action name="Unfocus"/>
			</mousebind>
			<mousebind button="Up" action="Click">
				<action name="Shade"/>
				<action name="FocusToBottom"/>
				<action name="Unfocus"/>
				<action name="Lower"/>
			</mousebind>
			<mousebind button="Down" action="Click">
				<action name="Unshade"/>
				<action name="Raise"/>
			</mousebind>
			<mousebind button="Right" action="Press">
				<action name="Focus"/>
				<action name="Raise"/>
				<action name="ShowMenu">
					<menu>client-menu</menu>
				</action>
			</mousebind>
		</context>

		<!-- Application icon in titlebar -->
		<context name="Icon">
			<mousebind button="Left" action="Press">
				<action name="Focus"/>
				<action name="Raise"/>
				<action name="Unshade"/>
				<action name="ShowMenu">
					<menu>client-menu</menu>
				</action>
			</mousebind>
			<mousebind button="Right" action="Press">
				<action name="Focus"/>
				<action name="Raise"/>
				<action name="ShowMenu">
					<menu>client-menu</menu>
				</action>
			</mousebind>
			<!-- Double-click on icon to close -->
			<mousebind action="DoubleClick" button="Left">
				<action name="Focus"/>
				<action name="Close"/>
			</mousebind>
		</context>

		<!-- Titlebar buttons -->
		<context name="AllDesktops">
			<mousebind button="Left" action="Press">
				<action name="Focus"/>
				<action name="Raise"/>
				<action name="Unshade"/>
			</mousebind>
			<mousebind button="Left" action="Click">
				<action name="ToggleOmnipresent"/>
			</mousebind>
		</context>
		<context name="Shade">
			<mousebind button="Left" action="Press">
				<action name="Focus"/>
				<action name="Raise"/>
			</mousebind>
			<mousebind button="Left" action="Click">
				<action name="ToggleShade"/>
			</mousebind>
		</context>
		<context name="Iconify">
			<mousebind button="Left" action="Press">
				<action name="Focus"/>
				<action name="Raise"/>
			</mousebind>
			<mousebind button="Left" action="Click">
				<action name="Iconify"/>
			</mousebind>
		</context>
		<context name="Maximize">
			<mousebind button="Left" action="Press">
				<action name="Focus"/>
				<action name="Raise"/>
				<action name="Unshade"/>
			</mousebind>
			<mousebind button="Middle" action="Press">
				<action name="Focus"/>
				<action name="Raise"/>
				<action name="Unshade"/>
			</mousebind>
			<mousebind button="Right" action="Press">
				<action name="Focus"/>
				<action name="Raise"/>
				<action name="Unshade"/>
			</mousebind>
			<mousebind button="Left" action="Click">
				<action name="ToggleMaximizeFull"/>
			</mousebind>
			<mousebind button="Middle" action="Click">
				<action name="ToggleMaximizeVert"/>
			</mousebind>
			<mousebind button="Right" action="Click">
				<action name="ToggleMaximizeHorz"/>
			</mousebind>
		</context>
		<context name="Close">
			<mousebind button="Left" action="Press">
				<action name="Focus"/>
				<action name="Raise"/>
				<action name="Unshade"/>
			</mousebind>
			<mousebind button="Left" action="Click">
				<action name="Close"/>
			</mousebind>
		</context>

		<!-- Window edges -->
		<!-- TODO Somehow add more of a drag space for all edges -->
		<context name="Top">
			<mousebind button="Left" action="Drag">
				<action name="Resize">
					<edge>top</edge>
				</action>
			</mousebind>
			<mousebind button="Left" action="Press">
				<action name="Focus"/>
				<action name="Raise"/>
				<action name="Unshade"/>
			</mousebind>
			<mousebind button="Left" action="DoubleClick">
				<action name="Focus"/>
				<action name="Raise"/>
				<action name="Unshade"/>
				<action name="ToggleMaximize">
					<direction>vertical</direction>
				</action>
			</mousebind>
		</context>
		<context name="Left">
			<mousebind button="Left" action="Drag">
				<action name="Resize">
					<edge>left</edge>
				</action>
			</mousebind>
			<mousebind button="Left" action="Press">
				<action name="Focus"/>
				<action name="Raise"/>
			</mousebind>
			<mousebind button="Left" action="DoubleClick">
				<action name="Focus"/>
				<action name="Raise"/>
				<action name="Unshade"/>
				<action name="ToggleMaximize">
					<direction>horizontal</direction>
				</action>
			</mousebind>
		</context>
		<context name="Right">
			<mousebind button="Left" action="Drag">
				<action name="Resize">
					<edge>right</edge>
				</action>
			</mousebind>
			<mousebind button="Left" action="Press">
				<action name="Focus"/>
				<action name="Raise"/>
			</mousebind>
			<mousebind button="Left" action="DoubleClick">
				<action name="Focus"/>
				<action name="Raise"/>
				<action name="Unshade"/>
				<action name="ToggleMaximize">
					<direction>horizontal</direction>
				</action>
			</mousebind>
		</context>
		<context name="Bottom">
			<mousebind button="Left" action="Drag">
				<action name="Resize">
					<edge>bottom</edge>
				</action>
			</mousebind>
			<mousebind button="Left" action="Press">
				<action name="Focus"/>
				<action name="Raise"/>
			</mousebind>
			<mousebind button="Left" action="DoubleClick">
				<action name="Focus"/>
				<action name="Raise"/>
				<action name="Unshade"/>
				<action name="ToggleMaximize">
					<direction>vertical</direction>
				</action>
			</mousebind>
			<!--<mousebind button="Middle" action="Press">
				<action name="Lower"/>
				<action name="FocusToBottom"/>
				<action name="Unfocus"/>
			</mousebind>
			<mousebind button="Right" action="Press">
				<action name="Focus"/>
				<action name="Raise"/>
				<action name="ShowMenu">
					<menu>client-menu</menu>
				</action>
			</mousebind>-->
		</context>

		<!-- Corners -->
		<context name="BLCorner">
			<mousebind button="Left" action="Drag">
				<action name="Resize"/>
			</mousebind>
			<mousebind button="Left" action="Press">
				<action name="Focus"/>
				<action name="Raise"/>
			</mousebind>
		</context>
		<context name="BRCorner">
			<mousebind button="Left" action="Drag">
				<action name="Resize"/>
			</mousebind>
			<mousebind button="Left" action="Press">
				<action name="Focus"/>
				<action name="Raise"/>
			</mousebind>
		</context>
		<context name="TLCorner">
			<mousebind button="Left" action="Drag">
				<action name="Resize"/>
			</mousebind>
			<mousebind button="Left" action="Press">
				<action name="Focus"/>
				<action name="Raise"/>
				<action name="Unshade"/>
			</mousebind>
		</context>
		<context name="TRCorner">
			<mousebind button="Left" action="Drag">
				<action name="Resize"/>
			</mousebind>
			<mousebind button="Left" action="Press">
				<action name="Focus"/>
				<action name="Raise"/>
				<action name="Unshade"/>
			</mousebind>
		</context>

		<!-- Client window -->
		<context name="Client">
			<mousebind button="Left" action="Press">
				<action name="Focus"/>
				<action name="Raise"/>
			</mousebind>
			<mousebind button="Middle" action="Press">
				<action name="Focus"/>
				<action name="Raise"/>
			</mousebind>
			<mousebind button="Right" action="Press">
				<action name="Focus"/>
				<action name="Raise"/>
			</mousebind>
		</context>

		<context name="Desktop">
			<mousebind button="Up" action="Click">
				<action name="DesktopPrevious"/>
			</mousebind>
			<mousebind button="Down" action="Click">
				<action name="DesktopNext"/>
			</mousebind>
			<mousebind button="A-Up" action="Click">
				<action name="DesktopPrevious"/>
			</mousebind>
			<mousebind button="A-Down" action="Click">
				<action name="DesktopNext"/>
			</mousebind>
			<mousebind button="C-A-Up" action="Click">
				<action name="DesktopPrevious"/>
			</mousebind>
			<mousebind button="C-A-Down" action="Click">
				<action name="DesktopNext"/>
			</mousebind>
			<mousebind button="Left" action="Press">
				<action name="Focus"/>
				<action name="Raise"/>
			</mousebind>
			<mousebind button="Right" action="Press">
				<action name="Focus"/>
				<action name="Raise"/>
			</mousebind>
		</context>

		<context name="Root">
			<!-- Menus -->
			<mousebind button="Middle" action="Press">
				<action name="ShowMenu">
					<menu>client-list-combined-menu</menu>
				</action>
			</mousebind>
			<mousebind button="Right" action="Press">
				<action name="ShowMenu">
					<menu>root-menu</menu>
				</action>
			</mousebind>
		</context>
		<context name="MoveResize">
			<mousebind button="Up" action="Click">
				<action name="DesktopPrevious"/>
			</mousebind>
			<mousebind button="Down" action="Click">
				<action name="DesktopNext"/>
			</mousebind>
			<mousebind button="A-Up" action="Click">
				<action name="DesktopPrevious"/>
			</mousebind>
			<mousebind button="A-Down" action="Click">
				<action name="DesktopNext"/>
			</mousebind>
		</context>
	</mouse>
	<menu>
		<file>$HOME/.config/openbox/menu.xml</file>
		<hideDelay>200</hideDelay>
		<middle>no</middle>
		<submenuShowDelay>100</submenuShowDelay>
		<applicationIcons>yes</applicationIcons>
		<manageDesktops>yes</manageDesktops>
	</menu>
	<resistance>
		<strength>12</strength>
		<screen_edge_strength>24</screen_edge_strength>
	</resistance>
	<applications>
		<!-- Center all opened windows -->
		<application type="normal">
			<position>
				<x>center</x>
				<y>center</y>
			</position>
		</application>
	</applications>
</openbox_config>